iter	MultiClass
0	0.6305731745
1	0.6225850451
2	0.6145031939
3	0.6096622323
4	0.6051111717
5	0.6009948262
6	0.5962702453
7	0.5934333091
8	0.5910547388
9	0.5889777666
